"First.ICD.9.CM.Diagnosis.Code","DRG"
"S33.5XX","551-552"
"S39.012","562-563"
"T14.90X","913-914"
"M54.5","551-552"
"G89.4","091-093"
"S13.4XX","551-552"
"M75.121","557-558"
"S16.1XX","551-552"
"S83.91X","562-563"
"S46.011","562-563"
"M51.26","551-552"
"S46.911","562-563"
"S43.401","562-563"
"S09.90X","011-013"
"M25.511","555-556"
"M54.16","551-552"
"S58.112","913-914"
"M25.562","555-556"
"M54.2","551-552"
"S46.912","562-563"
"S93.402","562-563"
"S23.3XX","551-552"
"M25.561","555-556"
"S46.012","562-563"
"S43.402","562-563"
"M75.101","557-558"
"S06.0X0","088-090"
"S83.92X","562-563"
"S93.401","562-563"
"Z98.890","951"
"S83.242","562-563"
"M25.512","555-556"
"S63.501","562-563"
"S80.01X","604-605"
"S83.8X2","562-563"
"M75.102","557-558"
"F07.81","102-103"
"S06.0X9","088-090"
"S83.231","562-563"
"Z77.21","951"
"S80.02X","604-605"
"M77.11","557-558"
"S83.241","562-563"
"M75.111","557-558"
"Z79.891","949-950"
"Z89.511","951"
"S06.0X1","088-090"
"M50.20","551-552"
"M96.1","551-552"
"M12.511","553-554"
"S83.512","562-563"
"S96.912","562-563"
"S63.502","562-563"
"S46.001","913-914"
"M75.42","557-558"
"Z47.89","559-561"
"M75.122","557-558"
"S00.83X","604-605"
"M51.16","551-552"
"M25.572","555-556"
"M23.8X1","562-563"
"S86.911","562-563"
"S60.221","604-605"
"M54.12","073-074"
"S67.22X","913-914"
"M25.531","555-556"
"S52.571","562-563"
"T07.XXX","913-914"
"S29.019","562-563"
"S67.21X","913-914"
"S00.93X","604-605"
"S83.8X1","562-563"
"M25.571","555-556"
"S52.572","562-563"
"S43.431","562-563"
"S43.421","562-563"
"M24.811","564-566"
"S93.491","562-563"
"S30.0XX","604-605"
"T14.90","913-914"
"S52.501","562-563"
"S62.102","562-563"
"S86.912","562-563"
"S46.811","562-563"
"M65.4","557-558"
"S93.492","562-563"
"S62.612","562-563"
"R63.4","640-641"
"S63.8X2","562-563"
"S40.012","604-605"
"G90.512","073-074"
"S52.502","562-563"
"S82.841","562-563"
"M51.37","551-552"
"G56.02","073-074"
"G56.01","073-074"
"S43.91X","562-563"
"G56.21","073-074"
"S61.412","604-605"
"S43.432","562-563"
"G82.53","052-053"
"S52.92X","562-563"
"S46.812","562-563"
"S66.911","562-563"
"K40.90","393-395"
"S40.011","604-605"
"S83.232","562-563"
"S90.31X","604-605"
"M25.532","555-556"
"Z79.899","949-950"
"M47.816","551-552"
"M77.12","557-558"
"S63.91X","562-563"
"S60.222","604-605"
"M75.41","557-558"
"S01.81X","604-605"
"S46.091","913-914"
"S93.602","562-563"
"S82.871","562-563"
"S83.411","562-563"
"K42.9","393-395"
"S67.01X","913-914"
"S29.012","562-563"
"Z98.89","951"
"Z03.89","951"
"S52.531","562-563"
"S62.636","562-563"
"S13.8XX","551-552"
"S43.50X","562-563"
"S52.532","562-563"
"S33.8XX","551-552"
"M48.061","551-552"
"S97.81X","913-914"
"S80.11X","604-605"
"S52.90X","562-563"
"S22.050","551-552"
"S13.9XX","551-552"
"M65.841","557-558"
"S90.32X","604-605"
"S83.511","562-563"
"S82.65X","562-563"
"G83.4","073-074"
"S02.2XX","154-156"
"S80.12X","604-605"
"S68.119","913-914"
"F43.10","882"
"S43.51X","562-563"
"S43.491","562-563"
"R51","102-103"
"M79.672","555-556"
"M43.17","551-552"
"T14.8XX","913-914"
"S63.591","562-563"
"S66.912","562-563"
"T84.84X","559-561"
"G56.22","073-074"
"S69.91X","913-914"
"S62.631","562-563"
"S61.411","604-605"
"M23.92","562-563"
"M17.12","553-554"
"S33.9XX","551-552"
"H90.3","154-156"
"M54.17","551-552"
"S39.92X","913-914"
"S61.212","604-605"
"S46.212","562-563"
"S20.212","604-605"
"S43.102","562-563"
"S82.201","562-563"
"S62.632","562-563"
"S98.112","913-914"
"S57.81X","913-914"
"S46.211","562-563"
"M23.91","562-563"
"S83.412","562-563"
"M51.36","551-552"
"M23.90","562-563"
"S42.201","562-563"
"M47.896","551-552"
"M54.6","551-552"
"M25.521","555-556"
"S61.215","604-605"
"S97.82X","913-914"
"S61.210","604-605"
"S89.91X","913-914"
"G89.18","947-948"
"S39.011","562-563"
"S51.811","604-605"
"M65.9","557-558"
"M25.642","555-556"
"S61.211","604-605"
"L89.153","573-575"
"S83.282","562-563"
"S67.193","913-914"
"M62.830","551-552"
"Z00.00","951"
"S86.811","562-563"
"S79.119","533-534"
"M51.27","551-552"
"S82.842","562-563"
"S56.912","562-563"
"S12.9XX","551-552"
"S72.002","535-536"
"S82.202","562-563"
"M79.642","555-556"
"M43.16","551-552"
"M12.561","553-554"
"S82.302","562-563"
"S83.402","562-563"
"S46.919","562-563"
"S61.012","604-605"
"S83.222","562-563"
"S82.51X","562-563"
"M54.9","551-552"
"S96.911","562-563"
"S68.120","913-914"
"M79.671","555-556"
"S86.311","562-563"
"S50.01X","604-605"
"M67.844","557-558"
"S93.601","562-563"
"M48.062","551-552"
"S83.281","562-563"
"G90.511","073-074"
"M75.02","557-558"
"S82.62X","562-563"
"S67.10X","913-914"
"S01.01X","604-605"
"M24.831","564-566"
"M65.311","557-558"
"S52.125","562-563"
"S53.442","562-563"
"S86.012","562-563"
"S60.211","604-605"
"S67.191","913-914"
"S89.92X","913-914"
"S82.91X","562-563"
"S43.422","562-563"
"M12.541","553-554"
"S61.213","604-605"
"S86.01","913-914"
"S20.211","604-605"
"S67.02X","913-914"
"M50.122","551-552"
"M50.00","551-552"
"F43.0","880"
"S93.412","562-563"
"M62.838","555-556"
"S61.201","604-605"
"T31.0","935"
"S62.525","562-563"
"K40.30","393-395"
"S50.02X","604-605"
"M19.011","553-554"
"S62.633","562-563"
"S69.92X","913-914"
"S62.621","562-563"
"M66.811","557-558"
"M51.17","551-552"
"S92.131","562-563"
"S93.411","562-563"
"M77.8","557-558"
"S82.892","562-563"
"M99.02","551-552"
"S58.922","913-914"
"S93.691","562-563"
"M76.62","557-558"
"S82.61X","562-563"
"S37.39X","698-700"
"S86.111","562-563"
"S52.121","562-563"
"S06.6X9","023-024"
"Z98.1","951"
"S67.90X","913-914"
"S61.217","604-605"
"S52.201","562-563"
"S62.616","562-563"
"S52.91X","562-563"
"S22.41X","183-185"
"S82.92X","562-563"
"S86.812","562-563"
"S68.114","913-914"
"S76.012","537-538"
"Z48.89","949-950"
"S62.611","562-563"
"S60.011","604-605"
"G82.21","052-053"
"S82.002","562-563"
"S83.272","562-563"
"S61.216","604-605"
"S43.92X","562-563"
"M23.8X2","562-563"
"S43.492","562-563"
"L89.150","573-575"
"M25.522","555-556"
"S82.409","562-563"
"S19.9XX","011-013"
"S05.02X","124-125"
"M79.645","555-556"
"S52.515","562-563"
"M79.641","555-556"
"S68.623","913-914"
"S82.851","562-563"
"T81.89X","919-921"
"S52.122","562-563"
"S49.91X","913-914"
"S61.239","604-605"
"S05.01X","124-125"
"S00.03X","604-605"
"S68.620","913-914"
"M65.871","557-558"
"M65.062","557-558"
"S82.251","562-563"
"M66.821","557-558"
"M25.552","555-556"
"S61.209","604-605"
"S61.409","604-605"
"S62.512","562-563"
"F43.12","882"
"F33.2","885"
"S83.271","562-563"
"S82.64X","562-563"
"S20.229","604-605"
"M53.2X3","564-566"
"M25.60","555-556"
"M12.562","553-554"
"M17.11","553-554"
"S61.011","604-605"
"S68.011","913-914"
"S43.004","562-563"
"M47.817","551-552"
"S61.401","604-605"
"M75.81","557-558"
"M43.22","551-552"
"S92.354","562-563"
"R26.89","091-093"
"S53.402","562-563"
"Z47.1","559-561"
"S83.90X","562-563"
"S29.011","562-563"
"S86.011","562-563"
"S91.332","604-605"
"S52.592","562-563"
"R52","947-948"
"I10","304-305"
"S52.351","562-563"
"M50.11","551-552"
"S93.431","562-563"
"M86.271","539-541"
"K43.9","393-395"
"S22.42X","183-185"
"M50.222","551-552"
"S67.194","913-914"
"T84.89X","559-561"
"S62.630","562-563"
"S62.63","562-563"
"M75.21","557-558"
"L03.90","573-575"
"S46.01","913-914"
"G44.309","102-103"
"T21.29X","935"
"Z77.098","951"
"S62.91X","562-563"
"M17.32","553-554"
"S68.612","913-914"
"Z13.9","951"
"S92.001","562-563"
"S67.20X","913-914"
"S62.623","562-563"
"S86.391","913-914"
"S60.212","604-605"
"M25.641","555-556"
"M65.312","557-558"
"S42.462","562-563"
"S82.142","562-563"
"M19.272","553-554"
"S32.051","551-552"
"M54.41","551-552"
"S56.911","562-563"
"M67.432","557-558"
"S90.112","604-605"
"M47.27","551-552"
"S92.901","562-563"
"S32.002","551-552"
"M75.01","557-558"
"S61.219","604-605"
"S53.401","562-563"
"S82.891","562-563"
"S67.190","913-914"
"S67.196","913-914"
"Z01.818","951"
"S87.02X","913-914"
"S62.350","562-563"
"S46.312","562-563"
"S42.212","562-563"
"S62.634","562-563"
"S62.609","562-563"
"S43.52X","562-563"
"S72.009","535-536"
"G56.03","073-074"
"S32.811","535-536"
"S81.812","604-605"
"S63.602","562-563"
"S68.625","913-914"
"L03.115","573-575"
"T87.89","564-566"
"M12.531","553-554"
"S61.21","604-605"
"Z47.2","559-561"
"M12.512","553-554"
"S62.639","562-563"
"M12.532","553-554"
"S63.601","562-563"
"S82.852","562-563"
"S62.309","562-563"
"M75.22","557-558"
"M72.2","557-558"
"M25.541","555-556"
"S46.092","913-914"
"M75.82","557-558"
"S66.222","564-566"
"S81.811","604-605"
"S83.221","562-563"
"T84.122","559-561"
"S68.112","913-914"
"S92.352","562-563"
"S76.011","537-538"
"S62.613","562-563"
"T31.60","935"
"S76.311","537-538"
"S61.303","604-605"
"S55.011","913-914"
"S53.105","562-563"
"S62.014","562-563"
"S92.515","562-563"
"S23.9XX","551-552"
"S40.022","604-605"
"M65.872","557-558"
"S24.109","052-053"
"S51.812","604-605"
"R41.841","884"
"F43.23","882"
"S42.301","562-563"
"M51.24","551-552"
"S42.341","562-563"
"S49.81X","913-914"
"M66.822","557-558"
"S68.621","913-914"
"S99.912","913-914"
"S83.207","562-563"
"S43.111","562-563"
"S46.291","913-914"
"S44.91X","073-074"
"S76.312","537-538"
"S68.511","913-914"
"M65.832","557-558"
"S09.93X","011-013"
"S62.521","562-563"
"S82.402","562-563"
"Z96.651","564-566"
"R13.10","391-392"
"S61.310","604-605"
"S83.014","562-563"
"S46.002","913-914"
"S42.92X","562-563"
"S42.252","562-563"
"S61.307","604-605"
"S05.91X","124-125"
"F41.9","880"
"S20.219","604-605"
"M53.86","551-552"
"M65.842","557-558"
"S61.203","604-605"
"M65.862","557-558"
"S66.821","564-566"
"M12.572","553-554"
"M75.112","557-558"
"R20.0","091-093"
"Z96.652","564-566"
"S20.20X","604-605"
"S46.022","564-566"
"S70.01X","604-605"
"S46.099","913-914"
"S83.421","562-563"
"T25.222","935"
"S61.512","604-605"
"M20.012","564-566"
"M79.644","555-556"
"S66.326","564-566"
"S33.6XX","551-552"
"M19.171","553-554"
"R07.9","313"
"S80.812","604-605"
"S92.412","562-563"
"M79.601","555-556"
"S64.12X","073-074"
"T75.4XX","922-923"
"Z96.7","564-566"
"S53.491","562-563"
"M24.541","564-566"
"S61.002","604-605"
"S81.011","604-605"
"S63.92X","562-563"
"M24.852","564-566"
"M17.31","553-554"
"S60.012","604-605"
"S91.311","604-605"
"M62.81","555-556"
"S61.402","604-605"
"M25.311","564-566"
"S63.592","562-563"
"R56.9","100-101"
"S23.41X","205-206"
"R55","312"
"S82.52X","562-563"
"M25.519","555-556"
"S12.100","551-552"
"S62.022","562-563"
"M46.1","551-552"
"S01.91X","604-605"
"R42","149"
"S83.422","562-563"
"S63.642","562-563"
"S62.661","562-563"
"S22.32X","205-206"
"T84.023","559-561"
"S81.802","604-605"
"S50.12X","604-605"
"S67.192","913-914"
"L08.9","602-603"
"S93.432","562-563"
"S82.55X","562-563"
"M50.10","551-552"
"S05.32X","124-125"
"S62.627","562-563"
"S72.21X","535-536"
"S70.02X","604-605"
"Z45.42","091-093"
"S76.112","537-538"
"S70.11X","604-605"
"K42.0","393-395"
"S67.197","913-914"
"R29.898","555-556"
"S62.511","562-563"
"M79.605","555-556"
"S90.02X","604-605"
"R60.0","947-948"
"S73.101","537-538"
"S63.034","562-563"
"S01.511","011-013"
"S29.8XX","913-914"
"S96.012","562-563"
"S50.11X","604-605"
"S83.249","562-563"
"S62.626","562-563"
"S83.206","562-563"
"H91.90","154-156"
"S62.031","562-563"
"M22.41","562-563"
"M75.120","557-558"
"S62.602","562-563"
"S86.819","562-563"
"S60.219","604-605"
"M79.5","564-566"
"S81.829","913-914"
"S63.641","562-563"
"G89.11","947-948"
"M46.96","551-552"
"S43.82X","562-563"
"M84.372","542-544"
"S82.032","562-563"
"S80.00X","604-605"
"S52.031","562-563"
"R20.2","091-093"
"S62.605","562-563"
"S68.624","913-914"
"T79.7XX","199-201"
"S52.262","562-563"
"S02.19X","082-084"
"M43.27","551-552"
"S33.0XX","551-552"
"L23.9","606-607"
"S42.472","562-563"
"R10.9","391-392"
"M43.26","551-552"
"S02.119","082-084"
"S32.10X","551-552"
"L89.154","573-575"
"T15.02X","124-125"
"M99.03","551-552"
"M94.262","553-554"
"M66.372","557-558"
"S60.021","604-605"
"S62.502","562-563"
"L03.011","573-575"
"S02.91X","082-084"
"S72.001","535-536"
"S62.92X","562-563"
"S42.402","562-563"
"G89.21","091-093"
"M25.551","555-556"
"S43.409","562-563"
"S06.2X9","082-084"
"M95.0","154-156"
"Z04.2","922-923"
"M24.832","564-566"
"S90.211","604-605"
"M47.812","551-552"
"Z96.659","564-566"
"L03.116","573-575"
"S62.651","562-563"
"M75.52","557-558"
"M54.15","551-552"
"M62.441","555-556"
"S52.611","562-563"
"S53.492","562-563"
"S91.331","604-605"
"S62.660","562-563"
"M25.632","555-556"
"S68.116","913-914"
"F43.11","882"
"S06.890","082-084"
"S10.93X","604-605"
"M50.223","551-552"
"S42.302","562-563"
"M54.42","551-552"
"S39.013","562-563"
"S80.212","604-605"
"M66.242","557-558"
"S82.301","562-563"
"S82.241","562-563"
"S42.202","562-563"
"M23.322","562-563"
"M79.602","555-556"
"M65.839","557-558"
"S66.121","564-566"
"Z91.81","951"
"S93.422","562-563"
"M25.462","564-566"
"S63.015","562-563"
"R25.2","091-093"
"S52.002","562-563"
"S62.662","562-563"
"S82.831","562-563"
"S61.112","604-605"
"R07.89","313"
"M25.569","555-556"
"M54.10","073-074"
"G93.40","070-072"
"S87.81X","913-914"
"S92.422","562-563"
"S41.102","604-605"
"S62.025","562-563"
"S93.325","562-563"
"S62.622","562-563"
"S86.321","564-566"
"T84.223","559-561"
"M43.10","551-552"
"G40.909","23"
"S06.9X9","082-084"
"M47.26","551-552"
"S63.656","562-563"
"S62.522","562-563"
"S69.90X","913-914"
"M66.371","557-558"
"S92.302","562-563"
"S32.9XX","535-536"
"S43.005","562-563"
"S92.321","562-563"
"S56.901","913-914"
"G95.89","091-093"
"S06.6X0","023-024"
"S63.115","562-563"
"S93.324","562-563"
"S40.021","604-605"
"S52.124","562-563"
"S46.112","562-563"
"S86.002","913-914"
"S82.222","562-563"
"S52.232","562-563"
"S63.285","562-563"
"S67.195","913-914"
"M23.611","562-563"
"M75.51","557-558"
"S62.308","562-563"
"M25.612","555-556"
"S92.355","562-563"
"S42.292","562-563"
"Z02.71","951"
"S73.102","537-538"
"S92.902","562-563"
"S42.262","562-563"
"S53.422","562-563"
"Z09","951"
"S60.511","604-605"
"E11.65","8"
"S42.309","562-563"
"S61.432","604-605"
"S23.8XX","551-552"
"M24.873","564-566"
"M79.609","555-556"
"S02.401","011-013"
"S99.921","913-914"
"S83.261","562-563"
"M25.852","555-556"
"S61.205","604-605"
"S76.322","564-566"
"M77.52","557-558"
"S64.11X","073-074"
"M25.831","555-556"
"S09.8XX","011-013"
"S60.041","604-605"
"S06.2X3","082-084"
"S62.101","562-563"
"S68.128","913-914"
"S39.82X","913-914"
"S86.112","562-563"
"S66.325","564-566"
"S62.316","562-563"
"S88.119","913-914"
"R10.31","391-392"
"S83.212","562-563"
"S72.012","535-536"
"S32.502","535-536"
"S63.509","562-563"
"S92.351","562-563"
"M76.52","557-558"
"S99.922","913-914"
"M79.1","555-556"
"J68.0","205-206"
"S64.491","073-074"
"M20.001","564-566"
"S61.231","604-605"
"S61.214","604-605"
"S52.291","562-563"
"S63.8X1","562-563"
"S22.082","551-552"
"S61.314","604-605"
"S61.511","604-605"
"S49.92X","913-914"
"S52.272","562-563"
"I86.1","729-730"
"M65.88","557-558"
"K21.9","391-392"
"K43.6","393-395"
"S70.12X","604-605"
"R78.81","791"
"K43.2","393-395"
"M51.06","551-552"
"T30.0","935"
"L30.9","606-607"
"S92.002","562-563"
"M62.442","555-556"
"D21.12","564-566"
"S90.01X","604-605"
"M50.30","551-552"
"M54.13","073-074"
"S93.321","562-563"
"S68.121","913-914"
"S92.012","562-563"
"S42.401","562-563"
"M60.861","555-556"
"S62.604","562-563"
"S62.600","562-563"
"M24.131","562-563"
"M23.303","562-563"
"S61.431","604-605"
"S59.901","913-914"
"M22.3X2","562-563"
"S90.30X","604-605"
"S63.681","562-563"
"M25.542","555-556"
"S46.311","562-563"
"S52.202","562-563"
"M48.02","551-552"
"G54.0","073-074"
"S52.321","562-563"
"L03.012","573-575"
"I62.03","020-022"
"S52.134","562-563"
"M75.10","557-558"
"M50.21","551-552"
"M65.831","557-558"
"S64.492","073-074"
"M54.30","551-552"
"Z46.89","951"
"S63.634","562-563"
"Z04.3","922-923"
"M79.662","555-556"
"M25.772","557-558"
"M23.42","564-566"
"S61.230","604-605"
"S50.312","604-605"
"M25.461","564-566"
"M25.50","555-556"
"Z51.81","949-950"
"L91.0","606-607"
"S86.211","562-563"
"S92.115","562-563"
"S83.401","562-563"
"S52.539","562-563"
"S46.019","562-563"
"S76.211","537-538"
"H27.02","124-125"
"S43.302","562-563"
"S52.045","562-563"
"S06.2X7","082-084"
"S92.909","562-563"
"S82.872","562-563"
"S63.511","562-563"
"S01.90X","604-605"
"G51.8","073-074"
"L89.94","573-575"
"S83.501","562-563"
"S42.022","562-563"
"S82.001","562-563"
"S86.221","564-566"
"S01.00X","604-605"
"M67.431","557-558"
"L25.5","606-607"
"M65.341","557-558"
"G56.00","073-074"
"S68.622","913-914"
"S32.810","535-536"
"T24.331","927933"
"S62.305","562-563"
"S82.135","562-563"
"M48.54X","456-458"
"M25.631","555-556"
"S62.321","562-563"
"S32.009","551-552"
"S05.12X","124-125"
"S52.001","562-563"
"S44.32X","073-074"
"I82.401","299-301"
"M77.01","557-558"
"S63.012","562-563"
"S68.614","913-914"
"G57.82","073-074"
"S46.292","913-914"
"M67.979","557-558"
"S92.061","562-563"
"S72.042","535-536"
"S63.612","562-563"
"S76.811","537-538"
"S39.91X","913-914"
"S40.019","604-605"
"G44.319","102-103"
"S62.635","562-563"
"S61.312","604-605"
"S83.211","562-563"
"R10.32","391-392"
"H33.002","124-125"
"S93.409","562-563"
"S43.084","562-563"
"M24.232","557-558"
"S62.601","562-563"
"S99.911","913-914"
"L25.9","606-607"
"S62.002","562-563"
"S56.092","913-914"
"M75.31","557-558"
"G89.29","091-093"
"M54.06","551-552"
"T15.01X","124-125"
"M93.272","553-554"
"S22.009","551-552"
"M54.32","551-552"
"S82.452","562-563"
"S82.54X","562-563"
"S22.080","551-552"
"S63.609","562-563"
"T84.410","559-561"
"S51.802","604-605"
"R07.81","204"
"S22.49X","183-185"
"S02.40F","011-013"
"S20.221","604-605"
"S38.02X","729-730"
"S06.5X9","082-084"
"S82.832","562-563"
"S68.627","913-914"
"S62.526","562-563"
"S25.00X","791"
"M25.649","555-556"
"S92.911","562-563"
"S60.552","604-605"
"S46.111","562-563"
"S69.81X","913-914"
"S62.255","562-563"
"S81.001","604-605"
"M25.661","555-556"
"L44.9","606-607"
"S02.5XX","157-159"
"M77.10","557-558"
"S63.295","562-563"
"S61.422","913-914"
"M25.639","555-556"
"M67.833","557-558"
"S60.031","604-605"
"L03.113","573-575"
"S62.664","562-563"
"S42.392","562-563"
"S74.02X","073-074"
"S52.022","562-563"
"M14.60","553-554"
"Z48.810","949-950"
"M65.849","557-558"
"S63.613","562-563"
"S32.401","535-536"
"S99.919","913-914"
"S68.127","913-914"
"M60.9","555-556"
"S68.629","913-914"
"S97.111","913-914"
"S92.011","562-563"
"S01.80X","604-605"
"S62.641","562-563"
"M50.93","551-552"
"S82.431","562-563"
"M24.532","564-566"
"S81.801","604-605"
"Z77.018","951"
"S62.652","562-563"
"R06.02","204"
"M66.862","557-558"
"I26.92","175-176"
"S32.591","535-536"
"S68.122","913-914"
"S92.154","562-563"
"S82.491","562-563"
"F11.20","894-897"
"M47.12","551-552"
"S82.009","562-563"
"S62.301","562-563"
"S66.327","564-566"
"S82.90X","562-563"
"S82.035","562-563"
"S61.315","604-605"
"S71.111","604-605"
"M76.822","557-558"
"S30.1XX","604-605"
"T81.31X","919-921"
"M94.261","553-554"
"G89.28","091-093"
"G56.20","073-074"
"T23.201","935"
"S66.322","564-566"
"T84.220","559-561"
"M75.100","557-558"
"S60.512","604-605"
"M93.1","553-554"
"S42.332","562-563"
"Z20.818","795"
"S06.5X1","082-084"
"M24.812","564-566"
"M70.21","557-558"
"Z57.8","951"
"M53.3","551-552"
"S42.143","562-563"
"S92.301","562-563"
"M24.842","564-566"
"S06.5X0","082-084"
"S05.11X","124-125"
"G57.91","073-074"
"S90.121","604-605"
"M25.672","555-556"
"S92.312","562-563"
"T23.202","935"
"S72.011","535-536"
"S24.103","052-053"
"H10.89","124-125"
"S66.128","564-566"
"S61.452","604-605"
"M93.271","553-554"
"T79.A12","922-923"
"S82.102","562-563"
"S00.81X","604-605"
"F19.20","894-897"
"S43.81X","562-563"
"S62.304","562-563"
"S52.691","562-563"
"S32.010","551-552"
"T81.32X","919-921"
"R03.0","314-316"
"T22.211","935"
"H02.89","124-125"
"S66.323","564-566"
"S61.341","913-914"
"G82.22","052-053"
"T67.5XX","922-923"
"S61.202","604-605"
"Z23","795"
"M99.83","551-552"
"T15.91X","124-125"
"S93.692","562-563"
"S43.131","562-563"
"S42.241","562-563"
"S83.204","562-563"
"J44.9","190-192"
"S62.666","562-563"
"M50.221","551-552"
"S61.019","604-605"
"S79.821","913-914"
"S12.02X","551-552"
"R21","606-607"
"M54.14","551-552"
"S61.129","913-914"
"S81.012","604-605"
"S62.606","562-563"
"M79.651","555-556"
"S91.302","604-605"
"H10.9","124-125"
"S39.093","913-914"
"S61.206","604-605"
"S61.321","913-914"
"S51.011","604-605"
"S61.313","604-605"
"Z57.9","951"
"T23.262","935"
"M23.321","562-563"
"T25.221","935"
"S56.222","564-566"
"M21.372","564-566"
"S60.451","604-605"
"M24.871","564-566"
"G56.42","073-074"
"S91.002","604-605"
"G56.11","073-074"
"S61.032","604-605"
"S92.335","562-563"
"Z89.611","951"
"S72.025","535-536"
"S68.610","913-914"
"S95.102","913-914"
"S50.812","604-605"
"M66.18","557-558"
"Z20.1","951"
"N17.9","673-675"
"S00.33X","604-605"
"S51.012","604-605"
"M47.892","551-552"
"N31.9","698-700"
"M66.861","557-558"
"M23.307","562-563"
"S97.101","913-914"
"M66.849","557-558"
"M75.30","557-558"
"G56.23","073-074"
"M66.322","557-558"
"S62.313","562-563"
"S62.501","562-563"
"L90.5","606-607"
"S68.615","913-914"
"S13.120","551-552"
"T85.192","091-093"
"S62.620","562-563"
"S92.311","562-563"
"S62.637","562-563"
"H53.9","124-125"
"S56.919","562-563"
"S73.191","537-538"
"J34.3","154-156"
"H93.13","154-156"
"S92.309","562-563"
"S82.031","562-563"
"M54.31","551-552"
"S61.204","604-605"
"S92.424","562-563"
"I73.9","299-301"
"S92.356","562-563"
"S22.039","551-552"
"E86.0","640-641"
"S17.9XX","011-013"
"M79.89","555-556"
"S62.650","562-563"
"S68.619","913-914"
"S52.615","562-563"
"S66.198","913-914"
"S76.212","537-538"
"L03.119","573-575"
"S62.324","562-563"
"S50.00","604-605"
"S66.127","564-566"
"E10.621","8"
"S82.432","562-563"
"F33.1","885"
"S76.229","564-566"
"M66.321","557-558"
"T22.212","935"
"M47.22","551-552"
"J70.5","205-206"
"S83.519","562-563"
"S62.524","562-563"
"J93.83","199-201"
"M22.42","562-563"
"S62.663","562-563"
"M89.8X7","564-566"
"S52.552","562-563"
"M67.361","557-558"
"S80.211","604-605"
"M65.332","557-558"
"S63.111","562-563"
"M53.9","551-552"
"S43.499","562-563"
"S01.111","124-125"
"S01.502","011-013"
"L89.159","573-575"
"S62.603","562-563"
"S61.232","604-605"
"S80.811","604-605"
"M67.52","557-558"
"M20.011","564-566"
"S58.111","913-914"
"M70.62","557-558"
"T23.252","935"
"T78.40X","915-916"
"M99.08","555-556"
"S61.218","604-605"
"S29.9XX","913-914"
"M25.871","555-556"
"S66.591","913-914"
"M48.07","551-552"
"L03.114","573-575"
"S86.091","913-914"
"T33.531","922-923"
"Z13.88","951"
"S54.11X","073-074"
"S06.5X5","082-084"
"M18.12","553-554"
"M65.331","557-558"
"S52.123","562-563"
"M67.90","557-558"
"S61.200","604-605"
"S72.92X","533-534"
"S92.341","562-563"
"M76.01","557-558"
"T15.12X","124-125"
"S56.902","913-914"
"T25.321","927933"
"S42.211","562-563"
"T84.418","559-561"
"F17.219","894-897"
"M66.221","557-558"
"S92.121","562-563"
"S31.113","604-605"
"M77.51","557-558"
"S81.852","604-605"
"M25.539","555-556"
"M51.86","551-552"
"S97.00X","913-914"
"M25.741","557-558"
"S62.201","562-563"
"S22.31X","205-206"
"S67.32X","913-914"
"S62.356","562-563"
"S82.101","562-563"
"K46.9","393-395"
"M67.442","557-558"
"S63.649","562-563"
"M25.431","564-566"
"M24.231","557-558"
"M77.9","557-558"
"S82.022","562-563"
"I48.0","308-310"
"R29.818","091-093"
"L02.511","573-575"
"S60.132","604-605"
"S63.105","562-563"
"M25.671","555-556"
"S92.241","562-563"
"S62.617","562-563"
"S92.592","562-563"
"S60.912","604-605"
"S32.472","535-536"
"S60.051","604-605"
"S82.141","562-563"
"S56.811","562-563"
"S80.10X","604-605"
"S22.20X","564-566"
"G82.50","052-053"
"M77.02","557-558"
"S76.111","537-538"
"S96.211","562-563"
"Z45.2","949-950"
"M79.604","555-556"
"S90.122","604-605"
"S60.851","604-605"
"S62.306","562-563"
"S66.512","562-563"
"G57.32","073-074"
"S63.254","562-563"
"H57.11","124-125"
"M99.01","551-552"
"M65.162","557-558"
"S60.022","604-605"
"S12.691","551-552"
"S32.89X","535-536"
"S91.009","604-605"
"S61.233","604-605"
"F45.42","882"
"M75.11","557-558"
"R69","951"
"S82.821","562-563"
"S81.851","604-605"
"L25.3","606-607"
"S73.199","537-538"
"G44.301","102-103"
"S41.112","604-605"
"M70.22","557-558"
"S66.194","913-914"
"S40.812","604-605"
"S62.001","562-563"
"H26.491","124-125"
"L97.812","573-575"
"S96.919","562-563"
"S72.431","533-534"
"M20.091","564-566"
"Z20.6","951"
"M24.571","564-566"
"M87.042","553-554"
"S20.222","604-605"
"G90.50","073-074"
"S93.111","562-563"
"S62.231","562-563"
"M79.631","555-556"
"H18.792","124-125"
"M12.571","553-554"
"T63.461","917-918"
"G44.329","102-103"
"S92.331","562-563"
"S83.289","562-563"
"I61.1","020-022"
"S63.054","562-563"
"Z02.6","795"
"R58","314-316"
"A23.9","867-869"
"S81.832","604-605"
"S63.122","562-563"
"T22.011","935"
"S61.301","604-605"
"T87.41","564-566"
"G90.522","073-074"
"T22.121","935"
"S93.499","562-563"
"R68.89","947-948"
"S61.300","604-605"
"S62.667","562-563"
"S76.092","913-914"
"T15.92X","124-125"
"G90.521","073-074"
"S57.02X","913-914"
"S46.819","562-563"
"S67.91X","913-914"
"S82.812","562-563"
"R10.30","391-392"
"S42.321","562-563"
"S01.312","154-156"
"S83.203","562-563"
"M25.529","555-556"
"S61.309","604-605"
"S92.402","562-563"
"S68.626","913-914"
"S72.90X","533-534"
"M19.012","553-554"
"S22.43X","183-185"
"S61.419","604-605"
"M23.207","562-563"
"S59.902","913-914"
"T65.91X","917-918"
"S82.441","562-563"
"S52.514","562-563"
"S76.912","537-538"
"S20.02X","604-605"
"R20.8","091-093"
"S62.336","562-563"
"S91.312","604-605"
"T20.10X","935"
"M79.652","555-556"
"Z45.89","951"
"M99.73","551-552"
"R22.31","606-607"
"S52.614","562-563"
"M19.031","553-554"
"S50.10X","604-605"
"F43.1","882"
"S63.102","562-563"
"S97.82","913-914"
"Z87.828","951"
"S82.209","562-563"
"M84.472","542-544"
"G90.519","073-074"
"S82.121","562-563"
"I82.419","299-301"
"M89.041","564-566"
"T23.221","935"
"M23.251","562-563"
"S97.109","913-914"
"M71.21","557-558"
"S50.862","606-607"
"S61.306","604-605"
"T23.261","935"
"S52.612","562-563"
"I83.009","299-301"
"S92.514","562-563"
"M67.911","557-558"
"S63.692","562-563"
"S82.492","562-563"
"S66.412","562-563"
"S31.000","604-605"
"S14.109","052-053"
"S60.450","604-605"
"M51.9","551-552"
"S76.301","913-914"
"S62.111","562-563"
"M47.893","551-552"
"S83.502","562-563"
"S86.919","562-563"
"R10.33","391-392"
"S81.819","604-605"
"R35.0","695-696"
"S61.001","604-605"
"M12.521","553-554"
"S52.522","562-563"
"S92.324","562-563"
"S66.115","562-563"
"S61.531","604-605"
"S62.164","562-563"
"S61.323","913-914"
"S62.307","562-563"
"S83.521","562-563"
"T84.290","559-561"
"L25.8","606-607"
"S72.114","535-536"
"S56.011","562-563"
"S93.421","562-563"
"M89.8X9","564-566"
"S82.042","562-563"
"G63","073-074"
"S32.501","535-536"
"S32.052","551-552"
"Z02.9","951"
"S83.104","562-563"
"S68.123","913-914"
"E11.9","8"
"S46.009","913-914"
"S92.244","562-563"
"S82.451","562-563"
"S12.591","551-552"
"M41.9","456-458"
"Z77.29","951"
"M65.811","557-558"
"R27.9","091-093"
"G54.4","073-074"
"T30.4","935"
"S89.90X","913-914"
"S28.0XX","913-914"
"G57.90","073-074"
"S06.339","023-024"
"S82.63X","562-563"
"F98.4","887"
"H57.12","124-125"
"T23.231","935"
"S42.021","562-563"
"A41.9","791"
"S92.491","562-563"
"S61.501","604-605"
"T21.21X","935"
"H10.211","124-125"
"S51.001","604-605"
"M16.11","553-554"
"M19.90","553-554"
"L98.0","602-603"
"F32.1","885"
"M67.261","557-558"
"S90.111","604-605"
"S06.9X0","082-084"
"S60.561","606-607"
"S62.515","562-563"
"S86.312","562-563"
"S50.311","604-605"
"S52.301","562-563"
"M85.641","553-554"
"S22.22X","564-566"
"M24.221","557-558"
"S43.016","562-563"
"S43.439","562-563"
"M79.2","073-074"
"S68.110","913-914"
"T84.020","559-561"
"S63.301","562-563"
"S69.80X","913-914"
"S68.129","913-914"
"S61.324","913-914"
"S83.252","562-563"
"M54.1","073-074"
"S62.516","562-563"
"S22.000","551-552"
"S53.411","562-563"
"S42.024","562-563"
"S51.852","604-605"
"S92.015","562-563"
"S51.859","604-605"
"R63.3","640-641"
"M86.371","539-541"
"L23.7","606-607"
"S06.305","082-084"
"S66.112","562-563"
"S87.82X","913-914"
"S92.041","562-563"
"S02.101","082-084"
"S92.415","562-563"
"S76.319","537-538"
"S63.693","562-563"
"S32.402","535-536"
"S82.254","562-563"
"S60.112","604-605"
"S82.291","562-563"
"M79.643","555-556"
"M19.072","553-554"
"S42.452","562-563"
"S06.6X1","023-024"
"S92.912","562-563"
"Z48.02","951"
"S52.041","562-563"
"M43.12","551-552"
"S63.042","562-563"
"S61.441","913-914"
"L97.212","573-575"
"T23.232","935"
"S50.362","606-607"
"T59.91X","917-918"
"S32.030","551-552"
"M20.039","564-566"
"S61.319","604-605"
"S39.81X","913-914"
"S60.122","604-605"
"M25.372","564-566"
"M67.921","557-558"
"S05.92X","124-125"
"S61.304","604-605"
"M25.851","555-556"
"S00.12X","124-125"
"M12.569","553-554"
"S63.610","562-563"
"S82.445","562-563"
"M06.342","545-547"
"S60.00X","604-605"
"M66.241","557-558"
"R22.0","606-607"
"G90.529","073-074"
"L84","606-607"
"M19.172","553-554"
"M70.32","557-558"
"S05.8X1","124-125"
"S83.011","562-563"
"S51.801","604-605"
"R56.1","100-101"
"S42.91X","562-563"
"G56.41","073-074"
"H53.8","124-125"
"M75.90","557-558"
"T21.01X","935"
"M25.559","555-556"
"M79.673","555-556"
"S81.052","604-605"
"H66.001","152-153"
"S64.494","073-074"
"M84.374","542-544"
"S49.80X","913-914"
"S83.105","562-563"
"N50.819","729-730"
"S52.102","562-563"
"M54.08","551-552"
"S68.021","913-914"
"S32.020","551-552"
"M79.621","555-556"
"S92.591","562-563"
"T70.4XX","922-923"
"S42.352","562-563"
"G20","056-057"
"T23.009","935"
"T25.322","927933"
"R93.6","564-566"
"M79.661","555-556"
"S32.019","551-552"
"Z89.432","951"
"M22.2X2","562-563"
"S63.696","562-563"
"M65.879","557-558"
"S61.207","604-605"
"M67.441","557-558"
"S61.235","604-605"
"L89.893","573-575"
"S01.412","011-013"
"H93.A3","154-156"
"S66.320","564-566"
"M24.872","564-566"
"M50.822","551-552"
"M66.872","557-558"
"Z20.89","795"
"S27.1XX","199-201"
"S52.209","562-563"
"S43.101","562-563"
"M62.532","557-558"
"Z04.1","922-923"
"S62.211","562-563"
"S63.632","562-563"
"S66.812","562-563"
"M76.72","557-558"
"S92.215","562-563"
"T84.9XX","559-561"
"S16.8XX","011-013"
"T25.022","935"
"S76.019","537-538"
"S82.845","562-563"
"S02.40C","011-013"
"S68.124","913-914"
"M25.579","555-556"
"T16.1XX","154-156"
"S09.92X","011-013"
"S05.62X","124-125"
"R94.131","564-566"
"S63.652","562-563"
"S05.00X","124-125"
"S43.085","562-563"
"Z01.01","951"
"K40.20","393-395"
"M51.25","551-552"
"S52.025","562-563"
"J34.89","154-156"
"Z20.2","951"
"S63.125","562-563"
"S82.232","562-563"
"N45.1","727-728"
"M24.662","553-554"
"M25.662","555-556"
"S49.192","562-563"
"S68.616","913-914"
"S43.429","562-563"
"S42.001","562-563"
"S79.921","913-914"
"M84.362","542-544"
"H92.01","154-156"
"S91.301","604-605"
"T84.199","559-561"
"M67.912","557-558"
"S61.421","913-914"
"S51.821","913-914"
"M17.9","553-554"
"S90.412","604-605"
"S63.512","562-563"
"T83.091","698-700"
"S82.045","562-563"
"S62.653","562-563"
"S51.002","604-605"
"S62.615","562-563"
"S92.109","562-563"
"R27.8","091-093"
"S62.021","562-563"
"Z20.9","951"
"S91.139","604-605"
"S68.125","913-914"
"F32.9","881"
"T22.231","935"
"L24.5","606-607"
"I82.531","299-301"
"M24.9","564-566"
"M12.542","553-554"
"T24.232","935"
"T86.821","919-921"
"G62.9","073-074"
"M12.211","553-554"
"S14.3XX","073-074"
"S00.11X","124-125"
"Z48.00","951"
"K59.00","391-392"
"G56.93","073-074"
"S33.39X","562-563"
"S93.511","562-563"
"S41.101","604-605"
"S63.682","562-563"
"I96","299-301"
"S66.316","562-563"
"S52.509","562-563"
"S50.352","604-605"
"S01.112","124-125"
"S67.41X","913-914"
"R19.00","391-392"
"S40.861","606-607"
"T23.271","935"
"M50.22","551-552"
"S61.022","913-914"
"M96.0","559-561"
"G58.9","073-074"
"R11.2","391-392"
"R22.32","606-607"
"M79.606","555-556"
"L02.512","573-575"
"S41.119","604-605"
"T23.122","935"
"M47.814","551-552"
"N50.811","729-730"
"T23.142","935"
"M25.611","555-556"
"S62.509","562-563"
"A49.01","867-869"
"S73.192","537-538"
"S76.911","537-538"
"S59.911","913-914"
"S46.029","564-566"
"M53.80","551-552"
"S62.325","562-563"
"S44.02X","073-074"
"M65.861","557-558"
"M48.56X","456-458"
"T63.301","917-918"
"S39.93X","913-914"
"S81.831","604-605"
"M79.632","555-556"
"M24.531","564-566"
"S90.811","604-605"
"S73.111","537-538"
"S60.10X","604-605"
"M25.441","564-566"
"S80.912","604-605"
"S60.142","604-605"
"S60.453","604-605"
"S61.318","604-605"
"I26.99","175-176"
"T79.A29","922-923"
"Z03.810","951"
"H10.32","124-125"
"H10.531","124-125"
"M51.87","551-552"
"S83.201","562-563"
"T24.321","927933"
"S60.943","604-605"
"T24.031","935"
"S02.642","011-013"
"M23.306","562-563"
"M66.341","557-558"
"S62.172","562-563"
"S93.305","562-563"
"S62.323","562-563"
"S52.355","562-563"
"S32.000","551-552"
"S42.251","562-563"
"S53.125","562-563"
"M77.31","564-566"
"S89.301","562-563"
"S42.354","562-563"
"S83.429","562-563"
"S72.401","533-534"
"S82.125","562-563"
"S99.821","913-914"
"M23.612","562-563"
"S02.609","011-013"
"T26.90X","124-125"
"S01.21X","011-013"
"S27.0XX","199-201"
"S60.141","604-605"
"Z65.8","951"
"S46.119","562-563"
"H10.31","124-125"
"M26.623","011-013"
"M19.022","553-554"
"S80.861","606-607"
"S66.329","564-566"
"S62.347","562-563"
"R05","204"
"S65.412","913-914"
"S05.90X","124-125"
"M99.00","555-556"
"S70.10X","604-605"
"C41.4","542-544"
"R19.03","391-392"
"R19.04","391-392"
"R26.2","555-556"
"S50.811","604-605"
"R20.3","091-093"
"S31.30X","729-730"
"S76.121","564-566"
"T23.301","927933"
"M79.603","555-556"
"S76.101","913-914"
"T15.00X","124-125"
"S92.502","562-563"
"S43.015","562-563"
"S54.01X","073-074"
"T23.002","935"
"M67.362","557-558"
"M50.90","551-552"
"M25.362","564-566"
"M67.863","557-558"
"S93.521","562-563"
"S41.111","604-605"
"N20.0","693-694"
"S61.226","913-914"
"S06.360","023-024"
"T24.032","935"
"M62.511","557-558"
"S63.522","562-563"
"S62.665","562-563"
"S62.114","562-563"
"S93.05X","562-563"
"M75.91","557-558"
"I62.00","020-022"
"M66.871","557-558"
"S36.90","393-395"
"S63.521","562-563"
"M24.212","557-558"
"L24.9","606-607"
"T84.398","559-561"
"S01.82X","604-605"
"S53.32X","562-563"
"G57.02","073-074"
"R31.9","695-696"
"S61.532","604-605"
"S46.219","562-563"
"S00.511","604-605"
"G43.709","102-103"
"M76.821","557-558"
"S21.95X","604-605"
"R22.2","606-607"
"I77.72","299-301"
"L03.019","573-575"
"S53.431","562-563"
"S63.619","562-563"
"S62.629","562-563"
"S61.259","604-605"
"S62.314","562-563"
"S30.22X","729-730"
"H52.13","124-125"
"S42.002","562-563"
"S92.014","562-563"
"S46.021","564-566"
"R19.06","391-392"
"M46.92","551-552"
"N50.812","729-730"
"S62.344","562-563"
"H11.433","124-125"
"H52.212","124-125"
"M76.71","557-558"
"M65.342","557-558"
"S43.152","562-563"
"S62.647","562-563"
"H81.393","149"
"H57.9","124-125"
"M24.549","564-566"
"R07.82","313"
"M50.121","551-552"
"H16.002","121-122"
"I33.0","288-290"
"M50.123","551-552"
"S90.229","604-605"
"S92.332","562-563"
"S71.131","604-605"
"Z01.811","951"
"S22.069","551-552"
"M19.071","553-554"
"M19.039","553-554"
"T63.481","917-918"
"S59.919","913-914"
"S61.451","604-605"
"S60.459","604-605"
"R49.0","154-156"
"S61.316","604-605"
"M66.361","557-558"
"S71.151","604-605"
"Z12.11","951"
"H93.12","154-156"
"S67.92X","913-914"
"H57.13","124-125"
"S77.11X","913-914"
"S76.102","913-914"
"S92.534","562-563"
"S89.82X","913-914"
"M77.32","564-566"
"S62.642","562-563"
"M76.891","557-558"
"M87.9","553-554"
"T26.91X","124-125"
"S63.599","562-563"
"N50.89","729-730"
"M50.31","551-552"
"Z01.89","951"
"S63.659","562-563"
"H11.32","124-125"
"T23.211","935"
"M50.01","551-552"
"S60.429","606-607"
"S48.919","913-914"
"T23.662","935"
"Z01.810","951"
"M23.205","562-563"
"S62.363","562-563"
"S60.551","604-605"
"T84.54X","485-487"
"S83.31X","562-563"
"S92.192","562-563"
"S61.051","604-605"
"S51.022","913-914"
"M18.32","553-554"
"M50.12","551-552"
"T23.102","935"
"T20.119","935"
"S63.284","562-563"
"S63.691","562-563"
"S61.227","913-914"
"S83.002","562-563"
"M66.251","557-558"
"M48.48X","542-544"
"S97.121","913-914"
"M62.541","557-558"
"S02.0XX","082-084"
"T20.09X","935"
"K40.0","393-395"
"F33.9","885"
"H25.12","124-125"
"K76.0","441-443"
"T63.441","917-918"
"S42.155","562-563"
"S73.109","537-538"
"M23.231","562-563"
"S10.15X","604-605"
"G60.3","073-074"
"S10.86X","606-607"
"M24.10","564-566"
"H33.322","124-125"
"L02.415","573-575"
"F11.90","894-897"
"S97.80X","913-914"
"T26.92X","124-125"
"M46.21","539-541"
"S55.102","913-914"
"S61.220","913-914"
"M25.331","564-566"
"M19.019","553-554"
"S61.442","913-914"
"S07.8XX","011-013"
"H90.6","154-156"
"S42.351","562-563"
"S81.031","604-605"
"J68.4","190-192"
"G97.1","102-103"
"S96.811","562-563"
"S24.8XX","073-074"
"I82.409","299-301"
"M12.872","553-554"
"S41.152","604-605"
"H10.33","124-125"
"S87.01X","913-914"
"Z96.643","564-566"
"T84.490","559-561"
"S63.633","562-563"
"S36.90X","393-395"
"H51.11","124-125"
"S05.22X","124-125"
"L23.5","606-607"
"S41.159","604-605"
"S64.01X","073-074"
"S71.139","604-605"
"L97.322","573-575"
"G56.31","073-074"
"S22.089","551-552"
"R32","695-696"
"S66.429","564-566"
"M76.32","557-558"
"S91.341","913-914"
"M54.81","551-552"
"M65.322","557-558"
"Z51.89","949-950"
"G31.84","056-057"
"S54.02X","073-074"
"S68.522","913-914"
"L24.89","606-607"
"M47.9","551-552"
"M72.0","557-558"
"M25.472","564-566"
"H93.A2","154-156"
"H11.89","124-125"
"H18.891","124-125"
"S62.619","562-563"
"R22.41","606-607"
"L02.416","573-575"
"R06.00","204"
"R41.82","947-948"
"M96.679","559-561"
"N64.4","597-601"
"H10.213","124-125"
"F43.8","882"
"S56.822","564-566"
"S60.457","604-605"
"S92.323","562-563"
"H16.132","124-125"
"S05.10X","124-125"
"S92.425","562-563"
"Z87.2","951"
"D64.9","811-812"
"S33.141","551-552"
"S61.552","604-605"
"S62.318","562-563"
"T20.30X","927933"
"S46.319","562-563"
"Z86.79","951"
"M24.542","564-566"
"S01.20X","011-013"
"T26.11X","124-125"
"M89.9","564-566"
"M66.829","557-558"
"F41.1","880"
"S32.040","551-552"
"G57.51","073-074"
"I71.4","299-301"
"S63.392","562-563"
"M23.302","562-563"
"M53.0","073-074"
"S12.590","551-552"
"M12.88","553-554"
"S82.144","562-563"
"S65.411","913-914"
"M25.622","555-556"
"S06.309","082-084"
"H83.3X9","154-156"
"S63.639","562-563"
"M25.471","564-566"
"T22.031","935"
"S93.611","562-563"
"L60.0","606-607"
"S97.122","913-914"
"S51.832","604-605"
"K83.8","444-446"
"T22.112","935"
"S66.303","913-914"
"Z13.89","951"
"M71.38","557-558"
"S92.524","562-563"
"S72.91X","533-534"
"S80.819","604-605"
"S82.392","562-563"
"S53.31X","562-563"
"M23.209","562-563"
"S76.192","913-914"
"S22.008","551-552"
"S62.638","562-563"
"M47.23","551-552"
"M51.14","551-552"
"J84.10","196-198"
"S61.302","604-605"
"S90.212","604-605"
"S31.801","604-605"
"S96.892","913-914"
"M25.474","564-566"
"S46.191","913-914"
"R20.9","091-093"
"M25.9","555-556"
"M25.361","564-566"
"S76.812","537-538"
"S05.21X","124-125"
"S78.119","913-914"
"R50.9","864"
"S81.841","913-914"
"Z91.038","951"
"S12.090","551-552"
"H90.A32","154-156"
"S91.105","604-605"
"S02.640","011-013"
"M65.321","557-558"
"S62.024","562-563"
"J34.2","011-013"
"M23.304","562-563"
"R09.81","154-156"
"J01.90","152-153"
"M85.411","553-554"
"S60.312","604-605"
"Z81.2","951"
"S42.032","562-563"
"M75.40","557-558"
"S66.211","562-563"
"M75.32","557-558"
"M71.22","557-558"
"S01.521","011-013"
"S93.502","562-563"
"R53.1","947-948"
"S60.032","604-605"
"S32.008","551-552"
"S56.002","913-914"
"M99.33","551-552"
"S80.862","606-607"
"M65.30","557-558"
"T63.421","917-918"
"S97.112","913-914"
"S00.01X","604-605"
"M24.271","557-558"
"M19.041","553-554"
"M70.41","557-558"
"T33.539","922-923"
"M75.110","557-558"
"S63.611","562-563"
"S92.512","562-563"
"S60.361","606-607"
"N28.89","698-700"
"S82.015","562-563"
"N83.201","742-743"
"S91.202","604-605"
"I80.02","299-301"
"S14.2XX","073-074"
"S62.310","562-563"
"T84.090","559-561"
"M66.879","557-558"
"M24.821","564-566"
"G96.0","091-093"
"S60.467","606-607"
"S92.532","562-563"
"M19.032","553-554"
"M75.92","557-558"
"M67.814","557-558"
"S91.142","913-914"
"S60.458","604-605"
"S62.015","562-563"
"M25.469","564-566"
"M20.002","564-566"
"M62.89","557-558"
"Z87.09","951"
"L97.529","573-575"
"E11.329","8"
"M25.651","555-556"
"G57.31","073-074"
"S52.035","562-563"
"S61.234","604-605"
"R89.8","947-948"
"S63.622","562-563"
"S60.229","604-605"
"S52.302","562-563"
"S63.071","562-563"
"M25.432","564-566"
"M25.421","564-566"
"T23.429","935"
"S13.180","551-552"
"B99.9","867-869"
"S68.117","913-914"
"M67.813","557-558"
"D72.829","814-816"
"H25.13","124-125"
"M70.51","557-558"
"T24.011","935"
"T25.121","935"
"T22.392","927933"
"S63.256","562-563"
"G43.909","102-103"
"M65.28","557-558"
"K43.0","393-395"
"E10.69","8"
"M25.832","555-556"
"Z47.81","559-561"
"T22.012","935"
"S62.346","562-563"
"M50.220","551-552"
"M25.78","551-552"
"T81.30X","919-921"
"S91.322","913-914"
"S63.255","562-563"
"M23.300","562-563"
"R53.83","947-948"
"N18.9","8"
"I21.09","222-223"
"S86.022","564-566"
"S60.111","604-605"
"M24.132","562-563"
"M40.36","456-458"
"M25.419","564-566"
"M25.412","564-566"
"S45.911","913-914"
"M95.8","564-566"
"S68.628","913-914"
"S50.869","606-607"
"S42.012","562-563"
"H43.391","124-125"
"H65.21","152-153"
"H53.10","124-125"
"G57.22","073-074"
"S93.501","562-563"
"Z89.029","951"
"H10.30","124-125"
"T70.0XX","152-153"
"S45.902","913-914"
"S40.851","604-605"
"Z96.642","564-566"
"S42.495","562-563"
"M67.929","557-558"
"M86.671","539-541"
"L97.312","573-575"
"Z01.812","951"
"M25.422","564-566"
"L24.0","606-607"
"H11.432","124-125"
"M54.40","551-552"
"S32.028","551-552"
"S99.812","913-914"
"S01.311","154-156"
"S39.092","913-914"
"Z89.612","951"
"R91.8","204"
"R00.0","308-310"
"M86.272","539-541"
"S05.8X2","124-125"
"H20.042","124-125"
"M41.86","456-458"
"S50.00X","604-605"
"S61.258","604-605"
"D53.9","811-812"
"N43.3","729-730"
"T20.211","935"
"S61.237","604-605"
"S82.099","562-563"
"S31.811","604-605"
"S61.111","604-605"
"T85.848","919-921"
"K40.91","393-395"
"L97.823","573-575"
"J45.901","202-203"
"E78.5","642"
"S60.414","604-605"
"M93.20","553-554"
"E66.3","640-641"
"S42.409","562-563"
"K66.1","393-395"
"R93.7","564-566"
"S05.8X9","124-125"
"S30.810","604-605"
"T23.132","935"
"S61.246","913-914"
"H90.5","154-156"
"S52.034","562-563"
"S53.441","562-563"
"T65.831","917-918"
"S66.092","913-914"
"S92.342","562-563"
"S61.236","604-605"
"S66.192","913-914"
"H40.32X","124-125"
"M25.449","564-566"
"H40.053","124-125"
"S83.005","562-563"
"S63.004","562-563"
"M26.69","011-013"
"Z86.718","951"
"R68.84","011-013"
"S82.855","562-563"
"S62.300","562-563"
"H53.461","123"
"S44.22X","073-074"
"I82.90","299-301"
"T15.90X","124-125"
"S60.569","606-607"
"S60.921","604-605"
"L53.9","606-607"
"J68.8","190-192"
"S43.109","562-563"
"S66.811","562-563"
"S92.211","562-563"
"S52.352","562-563"
"T24.439","935"
"M23.41","564-566"
"M93.262","553-554"
"S96.819","562-563"
"R10.84","391-392"
"S50.901","604-605"
"S61.311","604-605"
"H52.6","124-125"
"S56.022","564-566"
"I82.431","299-301"
"M51.35","551-552"
"J39.8","011-013"
"S35.411","913-914"
"T21.60X","935"
"J98.11","205-206"
"M51.04","551-552"
"S72.111","535-536"
"S82.401","562-563"
"S19.80X","011-013"
"T21.62X","935"
"S87.02","913-914"
"S62.212","562-563"
"S57.82X","913-914"
"M23.262","562-563"
"R40.1","080-081"
"T67.4XX","922-923"
"S82.109","562-563"
"M47.811","551-552"
"S44.8X2","073-074"
"S86.322","564-566"
"M70.72","557-558"
"H18.791","124-125"
"I83.018","299-301"
"D17.39","606-607"
"S00.31X","604-605"
"I48.91","308-310"
"S91.114","604-605"
"S76.219","537-538"
"R22.9","606-607"
"S01.501","011-013"
"H00.032","124-125"
"M60.20","557-558"
"M23.602","562-563"
"S66.315","562-563"
"T22.10X","935"
"S86.019","562-563"
"S52.512","562-563"
"N18.3","8"
"M48.00","551-552"
"M71.311","557-558"
"S20.01X","604-605"
"R07.2","313"
"K56.609","388-390"
"M43.6","551-552"
"K52.9","391-392"
"T20.20X","935"
"L72.3","606-607"
"M24.332","562-563"
"S31.111","604-605"
"S96.212","562-563"
"S42.451","562-563"
"S32.592","535-536"
"S43.412","562-563"
"H47.091","123"
"S12.000","551-552"
"T15.11X","124-125"
"S70.311","604-605"
"S56.312","562-563"
"T20.40X","935"
"S69.82X","913-914"
"G90.59","073-074"
"S62.335","562-563"
"S90.00X","604-605"
"R16.1","814-816"
"J01.40","152-153"
"M89.00","564-566"
"S93.524","562-563"
"B35.1","606-607"
"T23.422","935"
"T23.091","935"
"G57.71","073-074"
"S40.922","604-605"
"I82.4Y9","299-301"
"S61.223","913-914"
"R33.9","695-696"
"I63.89","023-024"
"T28.0XX","011-013"
"S72.142","535-536"
"S02.600","011-013"
"S90.812","604-605"
"L97.522","573-575"
"Z86.711","951"
"M24.119","562-563"
"Z20.828","951"
"S63.011","562-563"
"L97.822","573-575"
"R47.9","091-093"
"S33.100","551-552"
"T26.12X","124-125"
"S90.921","604-605"
"S66.819","562-563"
"S42.492","562-563"
"S07.1XX","011-013"
"S53.135","562-563"
"I82.811","299-301"
"S84.12X","073-074"
"M85.872","564-566"
"M19.021","553-554"
"S43.014","562-563"
"H11.041","124-125"
"R07.1","204"
"S51.851","604-605"
"S68.118","913-914"
"G54.6","073-074"
"D31.32","124-125"
"S83.102","562-563"
"S62.319","562-563"
"S40.811","604-605"
"S90.934","604-605"
"Z95.828","314-316"
"S60.152","604-605"
"F06.4","884"
"S54.20X","073-074"
"S43.006","562-563"
"H93.19","154-156"
"M47.897","551-552"
"T26.01","124-125"
"M77.00","557-558"
"M16.12","553-554"
"M24.011","564-566"
"M84.375","542-544"
"M22.2X1","562-563"
"S76.302","913-914"
"S83.001","562-563"
"S66.114","562-563"
"G57.52","073-074"
"S60.311","604-605"
"S64.495","073-074"
"T21.22X","935"
"S56.012","562-563"
"T63.2X1","917-918"
"S63.697","562-563"
"S54.21X","073-074"
"R10.12","391-392"
"S46.201","913-914"
"M76.51","557-558"
"S27.329","205-206"
"S22.39X","205-206"
"S81.002","604-605"
"T22.111","935"
"R10.2","391-392"
"S65.091","913-914"
"S63.635","562-563"
"M79.646","555-556"
"S92.504","562-563"
"S42.414","562-563"
"H10.021","124-125"
"G50.1","073-074"
"S86.891","913-914"
"M67.449","557-558"
"S86.212","562-563"
"J06.9","011-013"
"S47.1XX","913-914"
"S83.192","562-563"
"S76.919","537-538"
"S62.202","562-563"
"H20.9","124-125"
"I61.9","020-022"
"S14.149","052-053"
"R40.224","951"
"D36.13","564-566"
"G47.33","011-013"
"Z86.59","951"
"S10.91X","604-605"
"H91.92","154-156"
"T67.6XX","922-923"
"M25.40","564-566"
"H91.91","154-156"
"T63.791","917-918"
"L01.00","602-603"
"Z71.1","951"
"S32.2XX","551-552"
"H53.19","124-125"
"S91.052","604-605"
"R10.11","391-392"
"J02.9","011-013"
"M79.622","555-556"
"M54.02","606-607"
"L89.513","573-575"
"T22.20X","935"
"S91.001","604-605"
"I49.8","308-310"
"M23.331","562-563"
"S66.514","562-563"
"H02.003","124-125"
"S04.041","091-093"
"R10.819","391-392"
"M76.31","557-558"
"S20.312","604-605"
"T22.312","927933"
"H10.412","124-125"
"S62.112","562-563"
"M60.812","555-556"
"G57.00","073-074"
"S92.062","562-563"
"S01.411","011-013"
"S60.042","604-605"
"L02.212","573-575"
"H53.2","123"
"H53.141","124-125"
"S40.912","604-605"
"S31.139","604-605"
"H52.31","124-125"
"S65.517","913-914"
"H81.10","149"
"T16.2XX","154-156"
"M50.23","551-552"
"T84.050","559-561"
"R93.5","391-392"
"H04.123","124-125"
"S12.200","551-552"
"R09.89","314-316"
"S82.231","562-563"
"S68.113","913-914"
"B19.10","441-443"
"T84.82X","559-561"
"S50.872","604-605"
"M25.475","564-566"
"M65.131","557-558"
"I49.1","308-310"
"S82.875","562-563"
"S97.01X","913-914"
"S60.949","604-605"
"H40.013","124-125"
"S54.32X","073-074"
"Z48.01","951"
"Z29.14","951"
"K08.89","011-013"
"S91.012","604-605"
"N30.01","689-690"
"Z45.41","091-093"
"S44.8X9","073-074"
"S67.42X","913-914"
"S38.1XX","913-914"
"Z87.820","951"
"S83.200","562-563"
"S00.431","604-605"
"H16.213","124-125"
"H11.31","124-125"
"S50.852","604-605"
"I60.9","020-022"
"H11.422","124-125"
"T24.111","935"
"J32.3","152-153"
"S86.092","913-914"
"S62.339","562-563"
"J80","204"
"F45.41","882"
"Z96.641","564-566"
"S61.031","604-605"
"H05.019","121-122"
"R20.1","091-093"
"S63.621","562-563"
"M23.006","562-563"
"T23.309","927933"
"S22.21X","564-566"
"M13.111","553-554"
"S80.221","606-607"
"J20.9","202-203"
"S31.31X","729-730"
"T63.391","917-918"
"O23.43","817-819"
"T20.26X","935"
"E86.1","640-641"
"S60.571","604-605"
"M70.30","557-558"
"I83.891","299-301"
"S21.142","913-914"
"M25.371","564-566"
"J20.8","202-203"
"S31.131","604-605"
"C34.12","180-182"
"T59.6X1","917-918"
"F41.8","880"
"S50.911","604-605"
"K59.03","391-392"
"S09.90","011-013"
"S01.552","011-013"
"M23.329","562-563"
"H35.30","124-125"
"T26.61X","124-125"
"H53.131","123"
"S40.029","604-605"
"L89.519","573-575"
"S01.101","124-125"
"Z96.611","564-566"
"S62.166","562-563"
"S00.531","604-605"
"S67.00X","913-914"
"I25.10","302-303"
"G56.40","073-074"
"T23.021","935"
"G25.82","091-093"
"S02.30X","011-013"
"M62.531","557-558"
"M19.131","553-554"
"S83.205","562-563"
"S52.132","562-563"
"H04.122","124-125"
"Z88.9","951"
"S62.625","562-563"
"S92.344","562-563"
"M99.06","555-556"
"S62.614","562-563"
"N28.1","698-700"
"S24.101","052-053"
"S06.329","023-024"
"M86.171","539-541"
"Q03.1","091-093"
"Z44.22","951"
"S72.23X","535-536"
"M21.371","564-566"
"S63.437","562-563"
"M71.50","557-558"
"H10.501","124-125"
"M99.05","555-556"
"H10.012","124-125"
"T20.00X","935"
"G40.89","23"
"N45.2","727-728"
"S31.102","604-605"
"S92.401","562-563"
"M77.41","557-558"
"S42.295","562-563"
"G57.10","073-074"
"I50.9","222-223"
"S52.511","562-563"
"S59.909","913-914"
"S02.92X","011-013"
"M62.552","557-558"
"S19.89X","011-013"
"R29.91","091-093"
"L24.6","606-607"
"H18.413","124-125"
"S92.411","562-563"
"S11.82X","011-013"
"S61.042","913-914"
"M11.261","553-554"
"T88.7XX","919-921"
"M50.2","551-552"
"M50.821","551-552"
"S82.899","562-563"
"S42.291","562-563"
"S62.185","562-563"
"D62","791"
"S42.342","562-563"
"M79.669","555-556"
"S83.015","562-563"
"S68.521","913-914"
"S61.240","913-914"
"S81.032","604-605"
"S68.022","913-914"
"D16.22","564-566"
"S20.411","604-605"
"S31.109","604-605"
"M67.962","557-558"
"Z02.1","951"
"T23.121","935"
"T23.162","935"
"T25.029","935"
"S31.153","604-605"
"S66.802","913-914"
"T26.41X","124-125"
"Z96.612","564-566"
"R22.40","606-607"
"Z77.128","951"
"S67.198","913-914"
"Z77.122","951"
"S52.591","562-563"
"L50.0","606-607"
"J45.909","202-203"
"S91.309","604-605"
"H49.10","123"
"H11.30","124-125"
"F41.0","880"
"S63.094","562-563"
"S89.041","562-563"
"N52.9","729-730"
"T23.171","935"
"L98.499","573-575"
"G12.23","056-057"
"T23.292","935"
"N32.89","698-700"
"R40.4","884"
"R22.42","606-607"
"H61.22","154-156"
"S92.501","562-563"
"S42.102","562-563"
"S83.209","562-563"
"I82.441","299-301"
"Z01.31","951"
"M25.775","557-558"
"K63.89","393-395"
"M25.861","555-556"
"S66.921","564-566"
"S92.101","562-563"
"M66.28","557-558"
"T79.A21","922-923"
"M17.0","553-554"
"G82.20","052-053"
"S60.412","604-605"
"N50.82","729-730"
"F33.0","885"
"T88.6XX","915-916"
"H31.002","124-125"
"M79.674","555-556"
"S32.059","551-552"
"S32.042","551-552"
"S68.012","913-914"
"Z15.89","951"
"H17.89","124-125"
"S62.317","562-563"
"S42.391","562-563"
"K44.9","391-392"
"S66.909","913-914"
"E66.01","640-641"
"H18.892","124-125"
"F02.81","884"
"H57.89","124-125"
"M11.28","553-554"
"S61.332","604-605"
"S67.31X","913-914"
"S51.809","604-605"
"S52.023","562-563"
"M24.512","564-566"
"T22.232","935"
"S63.653","562-563"
"S66.411","562-563"
"D36.12","564-566"
"T79.A11","922-923"
"H15.101","124-125"
"S92.522","562-563"
"S91.215","604-605"
"G56.10","073-074"
"Z20.7","795"
"S63.8X9","562-563"
"M67.834","557-558"
"M22.40","562-563"
"B86","606-607"
"Z86.19","951"
"H54.3","124-125"
"M65.812","557-558"
"K31.89","391-392"
"G56.32","073-074"
"M20.022","564-566"
"Z34.93","951"
"M21.41","564-566"
"S92.009","562-563"
"S90.129","604-605"
"S82.66X","562-563"
"T87.9","564-566"
"Z89.512","951"
"E86.9","640-641"
"T23.101","935"
"H16.133","124-125"
"M70.972","555-556"
"M70.80","555-556"
"S72.411","533-534"
"R76.8","814-816"
"H02.052","124-125"
"L03.314","573-575"
"J90","186-188"
"S42.255","562-563"
"R00.1","308-310"
"S62.329","562-563"
"M76.812","557-558"
"H61.21","154-156"
"T20.29X","935"
"S83.262","562-563"
"I67.848","061-063"
"H16.142","124-125"
"M60.252","557-558"
"N50.9","729-730"
"S56.021","564-566"
"T25.031","935"
"J45.998","202-203"
"H83.3X2","154-156"
"H92.02","154-156"
"M50.322","551-552"
"S82.143","562-563"
"T84.033","559-561"
"S61.102","604-605"
"S22.059","551-552"
"L08.89","602-603"
"M79.675","555-556"
"S82.132","562-563"
"R35.1","695-696"
"M47.894","551-552"
"M94.0","205-206"
"S92.253","562-563"
"F43.25","882"
"F43.21","881"
"H10.011","124-125"
"T85.122","091-093"
"R26.9","091-093"
"T25.021","935"
"S12.690","551-552"
"M50.13","551-552"
"T26.10X","124-125"
"Z77.120","951"
"J40","202-203"
"S82.843","562-563"
"M50.80","551-552"
"S73.119","537-538"
"S91.112","604-605"
"S61.208","604-605"
"S99.221","913-914"
"T22.242","935"
"S46.892","913-914"
"T22.132","935"
"D17.9","606-607"
"J93.9","199-201"
"S90.221","604-605"
"Z87.39","951"
"S20.419","604-605"
"G25.89","056-057"
"M16.10","553-554"
"Z48.1","949-950"
"S03.00X","011-013"
"S00.00X","604-605"
"I87.2","299-301"
"S62.311","562-563"
"S60.559","604-605"
"M12.579","553-554"
"S82.53X","562-563"
"M23.211","562-563"
"S44.21X","073-074"
"I89.1","602-603"
"S62.174","562-563"
"S62.398","562-563"
"S66.421","564-566"
"S61.439","604-605"
"S31.114","604-605"
"S53.104","562-563"
"M84.841","564-566"
"R22.1","606-607"
"T20.13X","935"
"G25.81","056-057"
"M94.8X6","564-566"
"S32.445","535-536"
"M46.28","456-458"
"T63.451","917-918"
"R60.9","947-948"
"T59.811","917-918"
"S96.812","562-563"
"M47.25","551-552"
"Z46.82","949-950"
"S32.001","551-552"
"S86.801","913-914"
"I62.9","020-022"
"S29.001","913-914"
"T22.221","935"
"S52.542","562-563"
"S42.191","564-566"
"M12.811","553-554"
"I36.1","306-307"
"R59.0","814-816"
"T21.20X","935"
"T65.891","917-918"
"M00.861","485-487"
"M87.051","553-554"
"M67.439","557-558"
"S92.251","562-563"
"S30.861","606-607"
"M23.305","562-563"
"M84.371","542-544"
"M79.4","606-607"
"M62.162","557-558"
"S93.621","562-563"
"R04.0","150-151"
"T25.522","935"
"S41.151","604-605"
"T20.19X","935"
"S46.101","913-914"
"G56.1","073-074"
"M79.18","555-556"
"T24.612","935"
"S02.40E","011-013"
"S93.515","562-563"
"S63.286","562-563"
"H16.293","124-125"
"T59.891","917-918"
"T22.311","927933"
"S61.305","604-605"
"T58.91X","917-918"
"S79.912","913-914"
"M71.349","557-558"
"T23.161","935"
"S83.101","562-563"
"T20.22X","935"
"B02.9","595-596"
"S42.225","562-563"
"Z20.3","951"
"M62.831","555-556"
"T23.001","935"
"G44.311","102-103"
"T22.019","935"
"S00.211","124-125"
"S52.092","562-563"
"M24.222","557-558"
"T80.89X","791"
"S90.415","604-605"
"M17.10","553-554"
"M19.92","553-554"
"S63.695","562-563"
"M99.72","551-552"
"G82.54","052-053"
"S82.224","562-563"
"S46.991","913-914"
"Z90.01","124-125"
"S83.196","562-563"
"F51.02","887"
"I70.0","299-301"
"S22.058","551-552"
"S04.031","091-093"
"S60.811","604-605"
"M89.364","564-566"
"I73.00","545-547"
"G56.82","073-074"
"H60.91","154-156"
"T22.352","927933"
"M23.301","562-563"
"S83.006","562-563"
"Z87.898","951"
"S92.314","562-563"
"S63.630","562-563"
"S50.819","604-605"
"I73.01","545-547"
"D49.0","374-376"
"S82.146","562-563"
"S50.361","606-607"
"M99.07","555-556"
"N39.0","689-690"
"S68.111","913-914"
"G43.009","102-103"
"S83.004","562-563"
"L76.12","791"
"F17.210","951"
"Z48.811","949-950"
"M43.23","551-552"
"G40.219","23"
"S42.264","562-563"
"S79.911","913-914"
"M75.50","557-558"
"J02.0","011-013"
"G93.89","070-072"
"S42.22","562-563"
"T81.9XX","791"
"M87.29","553-554"
"L72.0","606-607"
"R23.8","606-607"
"T84.059","559-561"
"M46.06","551-552"
"S59.912","913-914"
"L76.34","919-921"
"L76.82","919-921"
"S53.006","562-563"
"H52.7","124-125"
"S04.61X","154-156"
"M25.342","564-566"
"S61.01","604-605"
"E11.621","8"
"T23.209","935"
"D18.09","011-013"
"S83.409","562-563"
"S53.004","562-563"
"I82.612","299-301"
"H81.8X2","149"
"F33.41","885"
"Z46.59","393-395"
"M85.862","564-566"
"T23.302","927933"
"M19.049","553-554"
"S52.251","562-563"
"S42.145","562-563"
"S61.247","913-914"
"H65.03","152-153"
"R94.31","314-316"
"I62.02","020-022"
"S63.302","562-563"
"S39.002","913-914"
"S39.94X","913-914"
"S39.848","913-914"
"M67.40","557-558"
"M67.843","557-558"
"S92.404","562-563"
"R13.11","391-392"
"S79.012","535-536"
"S62.608","562-563"
"D30.3","656-658"
"M21.832","564-566"
"M66.9","557-558"
"M89.8X1","564-566"
"S56.429","564-566"
"S60.922","604-605"
"I16.0","304-305"
"R00.2","308-310"
"S82.811","562-563"
"R33.8","695-696"
"S93.504","562-563"
"I70.25","299-301"
"S82.262","562-563"
"J96.90","189"
"Z04.9","951"
"T24.021","935"
"S71.132","604-605"
"T21.23X","935"
"J32.8","152-153"
"Z02.89","795"
"M46.97","551-552"
"R22.30","606-607"
"I44.0","308-310"
"J36","011-013"
"J18.9","193-195"
"M19.042","553-554"
"S62.391","562-563"
"T25.012","935"
"S80.921","604-605"
"H54.61","124-125"
"S91.051","604-605"
"Z02.83","951"
"M84.321","542-544"
"Z87.81","951"
"I87.1","299-301"
"D68.9","813"
"Z43.1","393-395"
"J98.4","205-206"
"J81.1","189"
"Z99.11","951"
"Z97.8","951"
"T78.3XX","915-916"
"S61.322","913-914"
"K57.30","391-392"
"K56.7","388-390"
"R19.12","391-392"
"S86.392","913-914"
"S60.519","604-605"
"S52.371","562-563"
"M67.51","557-558"
"M24.052","564-566"
"S52.391","562-563"
"S62.395","562-563"
"I51.7","302-303"
"S60.911","604-605"
"R06.09","204"
"S98.139","913-914"
"Z48.813","949-950"
"S53.015","562-563"
"M72.6","557-558"
"I35.9","306-307"
"M86.242","539-541"
"M25.774","557-558"
"I45.4","308-310"
"I45.10","308-310"
"I45.0","308-310"
"M43.06","551-552"
"S92.531","562-563"
"T81.509","791"
"S20.00X","604-605"
"S52.009","562-563"
"S99.822","913-914"
"S12.101","551-552"
"S62.221","562-563"
"I44.4","308-310"
"M18.11","553-554"
"M25.872","555-556"
"G89.0","091-093"
"T82.9XX","314-316"
"D17.79","606-607"
"Z79.01","949-950"
"T84.093","559-561"
"Z89.021","951"
"L97.813","573-575"
"M79.81","555-556"
"M24.6","553-554"
"B34.9","865-866"
"M65.142","557-558"
"M21.162","564-566"
"M24.111","562-563"
"E11.628","8"
"S62.115","562-563"
"S80.851","604-605"
"L02.414","573-575"
"H81.399","149"
"K40.21","393-395"
"S98.212","913-914"
"T23.291","935"
"H81.12","149"
"S01.83X","604-605"
"M60.80","555-556"
"L02.413","573-575"
"S88.112","913-914"
"R10.83","391-392"
"S08.121","154-156"
"S52.551","562-563"
"T65.894","917-918"
"N30.00","689-690"
"T45.3X1","917-918"
"M70.52","557-558"
"J84.01","196-198"
"M25.341","564-566"
"N49.2","727-728"
"A49.9","867-869"
"M76.899","557-558"
"N92.6","742-743"
"R19.7","391-392"
"S51.009","604-605"
"S52.221","562-563"
"S80.262","606-607"
"F32.0","885"
"T63.001","917-918"
"R10.0","391-392"
"S52.101","562-563"
"S05.20X","124-125"
"S06.4X9","082-084"
"S59.811","913-914"
"I50.21","222-223"
"S60.131","604-605"
"J45.41","202-203"
"I82.402","299-301"
"L72.9","606-607"
"F32.2","885"
"M86.8X7","539-541"
"S90.561","606-607"
"S98.222","913-914"
"R23.4","606-607"
"M19.239","553-554"
"M24.021","564-566"
"M87.045","553-554"
"S62.657","562-563"
"S34.103","052-053"
"T85.733","091-093"
"R11.0","391-392"
"M67.849","557-558"
"M89.8X5","564-566"
"E66.9","640-641"
"S93.439","562-563"
"S00.212","124-125"
"S77.12X","913-914"
"J43.9","190-192"
"S63.631","562-563"
"S53.122","562-563"
"R79.89","947-948"
"K82.8","444-446"
"S22.060","551-552"
"S20.369","606-607"
"S62.125","562-563"
"H49.01","123"
"S68.412","913-914"
"H33.8","124-125"
"E10.8","8"
"N39.498","695-696"
"Z91.19","951"
"I16.1","304-305"
"I87.311","299-301"
"I49.9","308-310"
"T24.731","927933"
"K64.9","393-395"
"Z76.89","951"
"T24.221","935"
"N95.0","742-743"
"G43.809","102-103"
"S59.202","562-563"
"R06.03","204"
"G57.81","073-074"
"S92.414","562-563"
"J96.01","189"
"S80.261","606-607"
"S93.609","562-563"
"K56.690","388-390"
"B01.9","791"
"D17.5","393-395"
"M51.34","551-552"
"I82.621","299-301"
"H90.A21","154-156"
"M86.9","539-541"
"S82.122","562-563"
"S52.601","562-563"
"F06.31","884"
"H25.813","124-125"
"R73.9","640-641"
"H90.72","154-156"
"Z87.19","951"
"L76.22","919-921"
"R13.12","391-392"
"S61.238","604-605"
"N83.292","742-743"
"N13.39","693-694"
"S82.434","562-563"
"S56.122","564-566"
"S45.912","913-914"
"E04.2","643-645"
"Q68.2","564-566"
"J96.00","189"
"S28.1XX","604-605"
"M25.11","553-554"
"B02.39","124-125"
"B07.9","606-607"
"G44.009","102-103"
"S52.322","562-563"
"S82.034","562-563"
"I82.411","299-301"
"Z04.89","951"
"S82.435","562-563"
"D72.828","814-816"
"H33.22","124-125"
"S52.033","562-563"
"G93.1","091-093"
"S72.112","535-536"
"M25.451","564-566"
"M54.05","551-552"
"S98.312","913-914"
"S41.131","604-605"
"I82.491","299-301"
"E55.9","640-641"
"I21.3","222-223"
"S61.101","604-605"
"R39.11","695-696"
"S62.643","562-563"
"S30.92X","604-605"
"S27.321","205-206"
"T23.032","935"
"G82.51","052-053"
"S82.041","562-563"
"S53.195","562-563"
"S34.109","052-053"
"S59.802","913-914"
"E87.1","640-641"
"S60.121","604-605"
"Z89.9","951"
"H10.11","124-125"
